DATE,ID,INDEX_NAME,VALUE,RTIME
2026-05-31,S002958800,产量:毛棕榈油:马来西亚,1516327.0,2026-06-10 19:00:34
2026-04-30,S002958800,产量:毛棕榈油:马来西亚,1629801.0,2026-05-11 16:45:10
2026-03-31,S002958800,产量:毛棕榈油:马来西亚,1376849.0,2026-04-10 15:49:51
2026-02-28,S002958800,产量:毛棕榈油:马来西亚,1284268.0,2026-04-10 15:49:51
2026-01-31,S002958800,产量:毛棕榈油:马来西亚,1576683.0,2026-04-10 15:49:51
2025-12-31,S002958800,产量:毛棕榈油:马来西亚,1829549.0,2026-02-10 17:40:30
2025-11-30,S002958800,产量:毛棕榈油:马来西亚,1935510.0,2025-12-10 16:09:34
2025-10-31,S002958800,产量:毛棕榈油:马来西亚,2043886.0,2025-11-10 16:16:32
2025-09-30,S002958800,产量:毛棕榈油:马来西亚,1840983.0,2025-11-10 16:16:32
2025-08-31,S002958800,产量:毛棕榈油:马来西亚,1854756.0,2025-11-10 16:16:32
2025-07-31,S002958800,产量:毛棕榈油:马来西亚,1812467.0,2025-11-10 16:16:32
2025-06-30,S002958800,产量:毛棕榈油:马来西亚,1692370.0,2025-08-11 13:42:06
2025-05-31,S002958800,产量:毛棕榈油:马来西亚,1771621.0,2025-06-10 13:59:40
2025-04-30,S002958800,产量:毛棕榈油:马来西亚,1686379.0,2025-06-10 13:59:40
2025-03-31,S002958800,产量:毛棕榈油:马来西亚,1387616.0,2026-04-10 15:49:51
2025-02-28,S002958800,产量:毛棕榈油:马来西亚,1188443.0,2026-03-10 15:32:50
2025-01-31,S002958800,产量:毛棕榈油:马来西亚,1239895.0,2026-02-10 17:40:30
2024-12-31,S002958800,产量:毛棕榈油:马来西亚,1486942.0,2026-01-12 15:42:27
2024-11-30,S002958800,产量:毛棕榈油:马来西亚,1621294.0,2024-12-10 19:02:37
2024-10-31,S002958800,产量:毛棕榈油:马来西亚,1797348.0,2024-11-11 17:47:41
2024-09-30,S002958800,产量:毛棕榈油:马来西亚,1821933.0,2024-10-10 15:25:21
2024-08-31,S002958800,产量:毛棕榈油:马来西亚,1893859.0,2024-09-10 15:29:28
2024-07-31,S002958800,产量:毛棕榈油:马来西亚,1840999.0,2024-08-12 15:26:42
2024-06-30,S002958800,产量:毛棕榈油:马来西亚,1615283.0,2024-07-10 15:23:41
2024-05-31,S002958800,产量:毛棕榈油:马来西亚,1704495.0,2024-07-10 11:46:13
2024-04-30,S002958800,产量:毛棕榈油:马来西亚,1501905.0,2024-07-10 11:46:13
2024-03-31,S002958800,产量:毛棕榈油:马来西亚,1392471.0,2024-04-15 15:22:21
2024-02-29,S002958800,产量:毛棕榈油:马来西亚,1259382.0,2025-03-10 13:34:02
2024-01-31,S002958800,产量:毛棕榈油:马来西亚,1402355.0,2024-03-11 15:19:56
2023-12-31,S002958800,产量:毛棕榈油:马来西亚,1550796.0,2024-02-13 15:17:55
2023-11-30,S002958800,产量:毛棕榈油:马来西亚,1788870.0,2023-12-12 15:18:58
2023-10-31,S002958800,产量:毛棕榈油:马来西亚,1937224.0,2023-11-10 15:18:11
2023-09-30,S002958800,产量:毛棕榈油:马来西亚,1829434.0,2023-10-10 15:20:16
2023-08-31,S002958800,产量:毛棕榈油:马来西亚,1753472.0,2023-09-11 15:21:26
2023-07-31,S002958800,产量:毛棕榈油:马来西亚,1609927.0,2023-10-10 15:20:16
2023-06-30,S002958800,产量:毛棕榈油:马来西亚,1447697.0,2023-08-10 11:21:13
2023-05-31,S002958800,产量:毛棕榈油:马来西亚,1517634.0,2023-08-10 11:21:13
2023-04-30,S002958800,产量:毛棕榈油:马来西亚,1194559.0,2023-07-10 15:20:55
2023-03-31,S002958800,产量:毛棕榈油:马来西亚,1288132.0,2023-08-10 11:21:13
2023-02-28,S002958800,产量:毛棕榈油:马来西亚,1253573.0,2023-10-10 15:20:16
2023-01-31,S002958800,产量:毛棕榈油:马来西亚,1380410.0,2023-02-10 15:40:04
2022-12-31,S002958800,产量:毛棕榈油:马来西亚,1618833.0,2023-02-10 15:40:04
2022-11-30,S002958800,产量:毛棕榈油:马来西亚,1680741.0,2023-01-11 11:05:21
2022-10-31,S002958800,产量:毛棕榈油:马来西亚,1813596.0,2023-01-11 11:05:21
2022-09-30,S002958800,产量:毛棕榈油:马来西亚,1770441.0,2022-10-11 18:10:42
2022-08-31,S002958800,产量:毛棕榈油:马来西亚,1725787.0,2023-01-11 11:05:21
2022-07-31,S002958800,产量:毛棕榈油:马来西亚,1573563.0,2023-01-11 11:05:21
2022-06-30,S002958800,产量:毛棕榈油:马来西亚,1545111.0,2023-01-11 11:05:21
2022-05-31,S002958800,产量:毛棕榈油:马来西亚,1461029.0,2023-01-11 11:05:21
2022-04-30,S002958800,产量:毛棕榈油:马来西亚,1462053.0,2023-01-11 11:05:21
2022-03-31,S002958800,产量:毛棕榈油:马来西亚,1411223.0,2023-01-11 11:05:21
2022-02-28,S002958800,产量:毛棕榈油:马来西亚,1137462.0,2023-01-11 11:05:21
2022-01-31,S002958800,产量:毛棕榈油:马来西亚,1253581.0,2023-01-11 11:05:21
2021-12-31,S002958800,产量:毛棕榈油:马来西亚,1449719.0,2022-02-10 19:27:01
2021-11-30,S002958800,产量:毛棕榈油:马来西亚,1634932.0,2021-12-10 16:49:55
2021-10-31,S002958800,产量:毛棕榈油:马来西亚,1725837.0,2021-11-10 18:46:16
2021-09-30,S002958800,产量:毛棕榈油:马来西亚,1703740.0,2021-10-11 13:21:31
2021-08-31,S002958800,产量:毛棕榈油:马来西亚,1710356.0,2021-10-11 13:21:45
2021-07-31,S002958800,产量:毛棕榈油:马来西亚,1527761.0,2021-12-10 16:49:57
2021-06-30,S002958800,产量:毛棕榈油:马来西亚,1606187.0,2021-07-12 18:16:51
2021-05-31,S002958800,产量:毛棕榈油:马来西亚,1571525.0,2021-07-12 18:16:51
2021-04-30,S002958800,产量:毛棕榈油:马来西亚,1528121.0,2021-06-10 16:53:34
2021-03-31,S002958800,产量:毛棕榈油:马来西亚,1423483.0,2021-05-11 17:20:59
2021-02-28,S002958800,产量:毛棕榈油:马来西亚,1108236.0,2021-04-12 17:18:28
2021-01-31,S002958800,产量:毛棕榈油:马来西亚,1126457.0,2021-03-10 18:20:16
2020-12-31,S002958800,产量:毛棕榈油:马来西亚,1333639.0,2021-02-11 08:33:55
2020-11-30,S002958800,产量:毛棕榈油:马来西亚,1491074.0,2021-02-11 08:33:55
2020-10-31,S002958800,产量:毛棕榈油:马来西亚,1724559.0,2020-12-10 16:44:55
2020-09-30,S002958800,产量:毛棕榈油:马来西亚,1869256.0,2020-12-10 16:44:55
2020-08-31,S002958800,产量:毛棕榈油:马来西亚,1863309.0,2020-10-12 17:00:27
2020-07-31,S002958800,产量:毛棕榈油:马来西亚,1807397.0,2020-09-10 16:56:40
2020-06-30,S002958800,产量:毛棕榈油:马来西亚,1885742.0,2020-07-11 08:34:27
2020-05-31,S002958800,产量:毛棕榈油:马来西亚,1651336.0,2020-09-10 16:56:40
2020-04-30,S002958800,产量:毛棕榈油:马来西亚,1652771.0,2020-05-12 16:56:13
2020-03-31,S002958800,产量:毛棕榈油:马来西亚,1401481.0,2021-02-11 08:33:55
2020-02-29,S002958800,产量:毛棕榈油:马来西亚,1288515.0,2020-03-11 17:31:18
2020-01-31,S002958800,产量:毛棕榈油:马来西亚,1171534.0,2020-03-11 17:31:18
2019-12-31,S002958800,产量:毛棕榈油:马来西亚,1333904.0,2020-01-11 08:32:13
2019-11-30,S002958800,产量:毛棕榈油:马来西亚,1538053.0,2020-01-11 08:32:13
2019-10-31,S002958800,产量:毛棕榈油:马来西亚,1795841.0,2019-12-11 08:32:00
2019-09-30,S002958800,产量:毛棕榈油:马来西亚,1842433.0,2019-10-11 08:37:21
2019-08-31,S002958800,产量:毛棕榈油:马来西亚,1821548.0,2019-09-11 08:31:58
2019-07-31,S002958800,产量:毛棕榈油:马来西亚,1740759.0,2019-09-11 08:31:58
2019-06-30,S002958800,产量:毛棕榈油:马来西亚,1510957.0,2019-10-11 08:37:21
2019-05-31,S002958800,产量:毛棕榈油:马来西亚,1671467.0,2019-06-13 08:31:45
2019-04-30,S002958800,产量:毛棕榈油:马来西亚,1649368.0,2019-06-13 08:31:45
2019-03-31,S002958800,产量:毛棕榈油:马来西亚,1672058.0,2019-05-11 08:31:50
2019-02-28,S002958800,产量:毛棕榈油:马来西亚,1544518.0,2019-04-11 08:31:54
2019-01-31,S002958800,产量:毛棕榈油:马来西亚,1737461.0,2019-03-12 08:31:55
2018-12-31,S002958800,产量:毛棕榈油:马来西亚,1808038.0,2019-01-11 08:25:10
2018-11-30,S002958800,产量:毛棕榈油:马来西亚,1845222.0,2019-01-11 08:25:10
2018-10-31,S002958800,产量:毛棕榈油:马来西亚,1964954.0,2018-11-13 08:31:31
2018-09-30,S002958800,产量:毛棕榈油:马来西亚,1853602.0,2018-11-13 08:31:31
2018-08-31,S002958800,产量:毛棕榈油:马来西亚,1620605.0,2018-10-11 08:31:31
2018-07-31,S002958800,产量:毛棕榈油:马来西亚,1503220.0,2018-08-14 08:55:21
2018-06-30,S002958800,产量:毛棕榈油:马来西亚,1332705.0,2018-07-10 14:51:58
2018-05-31,S002958800,产量:毛棕榈油:马来西亚,1525490.0,2018-12-11 08:31:25
2018-04-30,S002958800,产量:毛棕榈油:马来西亚,1558769.0,2018-12-11 08:31:25
2018-03-31,S002958800,产量:毛棕榈油:马来西亚,1574079.0,2018-12-11 08:31:25
2018-02-28,S002958800,产量:毛棕榈油:马来西亚,1342805.0,2018-03-12 20:10:13
2018-01-31,S002958800,产量:毛棕榈油:马来西亚,1586653.0,2018-04-10 19:16:16
2017-12-31,S002958800,产量:毛棕榈油:马来西亚,1834167.0,2018-01-10 13:47:18
2017-11-30,S002958800,产量:毛棕榈油:马来西亚,1942847.0,2018-01-10 13:47:18
2017-10-31,S002958800,产量:毛棕榈油:马来西亚,2008838.0,2017-12-18 08:27:59
2017-09-30,S002958800,产量:毛棕榈油:马来西亚,1779918.0,2017-11-28 19:35:20
2017-08-31,S002958800,产量:毛棕榈油:马来西亚,1810551.0,2017-11-28 19:35:20
2017-07-31,S002958800,产量:毛棕榈油:马来西亚,1826828.0,2017-11-28 19:35:20
2017-06-30,S002958800,产量:毛棕榈油:马来西亚,1514255.0,2017-11-21 14:44:12
2017-05-31,S002958800,产量:毛棕榈油:马来西亚,1654494.0,2017-06-13 21:42:15
2017-04-30,S002958800,产量:毛棕榈油:马来西亚,1548026.0,2017-11-21 14:44:10
2017-03-31,S002958800,产量:毛棕榈油:马来西亚,1464021.0,2017-04-13 21:03:43
2017-02-28,S002958800,产量:毛棕榈油:马来西亚,1258539.0,2017-11-21 14:44:07
2017-01-31,S002958800,产量:毛棕榈油:马来西亚,1276849.0,2017-11-21 14:44:06
2016-12-31,S002958800,产量:毛棕榈油:马来西亚,1473717.0,2017-01-10 14:27:14
2016-11-30,S002958800,产量:毛棕榈油:马来西亚,1574938.0,2017-01-10 14:27:14
2016-10-31,S002958800,产量:毛棕榈油:马来西亚,1677873.0,2016-11-10 14:18:57
2016-09-30,S002958800,产量:毛棕榈油:马来西亚,1715085.0,2016-11-10 14:18:57
2016-08-31,S002958800,产量:毛棕榈油:马来西亚,1701833.0,2018-02-24 21:24:47
2016-07-31,S002958800,产量:毛棕榈油:马来西亚,1585341.0,2018-02-24 21:24:47
2016-06-30,S002958800,产量:毛棕榈油:马来西亚,1532613.0,2016-07-12 19:01:16
2016-05-31,S002958800,产量:毛棕榈油:马来西亚,1364583.0,2017-11-21 14:44:12
2016-04-30,S002958800,产量:毛棕榈油:马来西亚,1301291.0,2016-07-01 14:33:04
2016-03-31,S002958800,产量:毛棕榈油:马来西亚,1219449.0,2017-11-21 14:44:09
2016-02-29,S002958800,产量:毛棕榈油:马来西亚,1042707.0,2017-11-21 14:44:06
2016-01-31,S002958800,产量:毛棕榈油:马来西亚,1129747.0,2016-07-01 14:33:02
2015-12-31,S002958800,产量:毛棕榈油:马来西亚,1399383.0,2016-01-11 14:05:19
2015-11-30,S002958800,产量:毛棕榈油:马来西亚,1653068.0,2015-12-10 17:00:09
2015-10-31,S002958800,产量:毛棕榈油:马来西亚,2037466.0,2015-11-11 13:59:19
2015-09-30,S002958800,产量:毛棕榈油:马来西亚,1959064.0,2015-10-12 13:40:55
2015-08-31,S002958800,产量:毛棕榈油:马来西亚,2051000.0,2015-09-10 14:00:00
2015-07-31,S002958800,产量:毛棕榈油:马来西亚,1815631.0,2015-08-10 13:45:09
2015-06-30,S002958800,产量:毛棕榈油:马来西亚,1763667.0,2016-01-13 17:52:06
2015-05-31,S002958800,产量:毛棕榈油:马来西亚,1810530.0,2016-01-13 17:52:04
2015-04-30,S002958800,产量:毛棕榈油:马来西亚,1693425.0,2016-01-13 17:52:03
2015-03-31,S002958800,产量:毛棕榈油:马来西亚,1495151.0,2016-01-13 17:52:02
2015-02-28,S002958800,产量:毛棕榈油:马来西亚,1121628.0,2015-03-10 13:23:22
2015-01-31,S002958800,产量:毛棕榈油:马来西亚,1160687.0,2015-02-10 13:15:37
2014-12-31,S002958800,产量:毛棕榈油:马来西亚,1364797.0,2015-01-12 13:38:36
2014-11-30,S002958800,产量:毛棕榈油:马来西亚,1750567.0,2014-12-10 15:56:12
2014-10-31,S002958800,产量:毛棕榈油:马来西亚,1892961.0,2014-12-10 15:58:15
2014-09-30,S002958800,产量:毛棕榈油:马来西亚,1896861.0,2014-12-10 16:04:18
2014-08-31,S002958800,产量:毛棕榈油:马来西亚,2031754.0,2014-10-13 09:11:41
2014-07-31,S002958800,产量:毛棕榈油:马来西亚,1665661.0,2014-10-13 09:15:47
2014-06-30,S002958800,产量:毛棕榈油:马来西亚,1569684.0,2014-08-12 09:01:28
2014-05-31,S002958800,产量:毛棕榈油:马来西亚,1656957.0,2014-07-10 13:24:05
2014-04-30,S002958800,产量:毛棕榈油:马来西亚,1555777.0,2014-06-12 09:02:15
2014-03-31,S002958800,产量:毛棕榈油:马来西亚,1497142.0,2014-06-12 09:02:14
2014-02-28,S002958800,产量:毛棕榈油:马来西亚,1275812.0,2014-06-12 09:02:14
2014-01-31,S002958800,产量:毛棕榈油:马来西亚,1508980.0,2014-06-12 09:02:14
2013-12-31,S002958800,产量:毛棕榈油:马来西亚,1668668.0,2014-04-05 08:58:05
2013-11-30,S002958800,产量:毛棕榈油:马来西亚,1861084.0,2014-04-05 08:58:05
2013-10-31,S002958800,产量:毛棕榈油:马来西亚,1972278.0,2014-04-05 08:58:05
2013-09-30,S002958800,产量:毛棕榈油:马来西亚,1912175.0,2014-04-05 08:58:05
2013-08-31,S002958800,产量:毛棕榈油:马来西亚,1735284.0,2014-04-05 08:58:05
2013-07-31,S002958800,产量:毛棕榈油:马来西亚,1674852.0,2014-04-05 08:58:05
2013-06-30,S002958800,产量:毛棕榈油:马来西亚,1416826.0,2014-06-12 09:02:16
2013-05-31,S002958800,产量:毛棕榈油:马来西亚,1384330.0,2014-06-12 09:02:15
2013-04-30,S002958800,产量:毛棕榈油:马来西亚,1366544.0,2014-06-12 09:02:14
2013-03-31,S002958800,产量:毛棕榈油:马来西亚,1325101.0,2014-06-12 09:02:14
2013-02-28,S002958800,产量:毛棕榈油:马来西亚,1296824.0,2014-06-12 09:02:14
2013-01-31,S002958800,产量:毛棕榈油:马来西亚,1602493.0,2014-06-12 09:02:13
2012-12-31,S002958800,产量:毛棕榈油:马来西亚,1780153.0,2014-04-05 08:58:05
2012-11-30,S002958800,产量:毛棕榈油:马来西亚,1891132.0,2014-04-05 08:58:05
2012-10-31,S002958800,产量:毛棕榈油:马来西亚,1938430.0,2014-04-05 08:58:05
2012-09-30,S002958800,产量:毛棕榈油:马来西亚,2004238.0,2014-04-05 08:58:05
2012-08-31,S002958800,产量:毛棕榈油:马来西亚,1664249.0,2014-04-05 08:58:05
2012-07-31,S002958800,产量:毛棕榈油:马来西亚,1691916.0,2014-04-05 08:58:04
2012-06-30,S002958800,产量:毛棕榈油:马来西亚,1470648.0,2014-06-12 09:02:16
2012-05-31,S002958800,产量:毛棕榈油:马来西亚,1383735.0,2014-06-12 09:02:16
2012-04-30,S002958800,产量:毛棕榈油:马来西亚,1272622.0,2014-06-12 09:02:16
2012-03-31,S002958800,产量:毛棕榈油:马来西亚,1211257.0,2014-06-12 09:02:16
2012-02-29,S002958800,产量:毛棕榈油:马来西亚,1188356.0,2014-06-12 09:02:16
2012-01-31,S002958800,产量:毛棕榈油:马来西亚,1288294.0,2014-06-12 09:02:16
2011-12-31,S002958800,产量:毛棕榈油:马来西亚,1494374.0,2014-04-05 08:58:05
2011-11-30,S002958800,产量:毛棕榈油:马来西亚,1627699.0,2014-04-05 08:58:05
2011-10-31,S002958800,产量:毛棕榈油:马来西亚,1908564.0,2014-04-05 08:58:05
2011-09-30,S002958800,产量:毛棕榈油:马来西亚,1869070.0,2014-04-05 08:58:05
2011-08-31,S002958800,产量:毛棕榈油:马来西亚,1667146.0,2014-04-05 08:58:04
2011-07-31,S002958800,产量:毛棕榈油:马来西亚,1751188.0,2014-04-05 08:58:04
2011-06-30,S002958800,产量:毛棕榈油:马来西亚,1753137.0,2014-04-05 08:58:04
2011-05-31,S002958800,产量:毛棕榈油:马来西亚,1741796.0,2014-04-05 08:58:04
2011-04-30,S002958800,产量:毛棕榈油:马来西亚,1529951.0,2014-04-05 08:58:04
2011-03-31,S002958800,产量:毛棕榈油:马来西亚,1416370.0,2014-04-05 08:58:04
2011-02-28,S002958800,产量:毛棕榈油:马来西亚,1094308.0,2014-04-05 08:58:04
2011-01-31,S002958800,产量:毛棕榈油:马来西亚,1057917.0,2014-04-05 08:58:04
2010-12-31,S002958800,产量:毛棕榈油:马来西亚,1232752.0,2012-07-25 11:26:09
2010-11-30,S002958800,产量:毛棕榈油:马来西亚,1459021.0,2012-07-25 11:26:09
2010-10-31,S002958800,产量:毛棕榈油:马来西亚,1636486.0,2012-07-25 11:26:09
2010-09-30,S002958800,产量:毛棕榈油:马来西亚,1562912.0,2012-07-25 11:26:08
2010-08-31,S002958800,产量:毛棕榈油:马来西亚,1606420.0,2012-07-25 11:26:08
2010-07-31,S002958800,产量:毛棕榈油:马来西亚,1518896.0,2012-07-25 11:26:08
2010-06-30,S002958800,产量:毛棕榈油:马来西亚,1419856.0,2012-07-25 11:26:10
2010-05-31,S002958800,产量:毛棕榈油:马来西亚,1385854.0,2012-07-25 11:26:09
2010-04-30,S002958800,产量:毛棕榈油:马来西亚,1306228.0,2012-07-25 11:26:09
2010-03-31,S002958800,产量:毛棕榈油:马来西亚,1387234.0,2012-07-25 11:26:09
2010-02-28,S002958800,产量:毛棕榈油:马来西亚,1156814.0,2012-07-25 11:26:08
2010-01-31,S002958800,产量:毛棕榈油:马来西亚,1321244.0,2012-07-25 11:26:08
2009-12-31,S002958800,产量:毛棕榈油:马来西亚,1520063.0,2012-07-25 11:26:08
2009-11-30,S002958800,产量:毛棕榈油:马来西亚,1595592.0,2012-07-25 11:26:07
2009-10-31,S002958800,产量:毛棕榈油:马来西亚,1984037.0,2012-07-25 11:26:07
2009-09-30,S002958800,产量:毛棕榈油:马来西亚,1557764.0,2012-07-25 11:26:07
2009-08-31,S002958800,产量:毛棕榈油:马来西亚,1496073.0,2012-07-25 11:26:07
2009-07-31,S002958800,产量:毛棕榈油:马来西亚,1492958.0,2012-07-25 11:26:07
2009-06-30,S002958800,产量:毛棕榈油:马来西亚,1447926.0,2012-07-25 11:26:08
2009-05-31,S002958800,产量:毛棕榈油:马来西亚,1395275.0,2012-07-25 11:26:08
2009-04-30,S002958800,产量:毛棕榈油:马来西亚,1281852.0,2012-07-25 11:26:08
2009-03-31,S002958800,产量:毛棕榈油:马来西亚,1275822.0,2012-07-25 11:26:07
2009-02-28,S002958800,产量:毛棕榈油:马来西亚,1187381.0,2012-07-25 11:26:07
2009-01-31,S002958800,产量:毛棕榈油:马来西亚,1330195.0,2012-07-25 11:26:07
2008-12-31,S002958800,产量:毛棕榈油:马来西亚,1482769.0,2012-07-25 11:26:07
2008-11-30,S002958800,产量:毛棕榈油:马来西亚,1658417.0,2012-07-25 11:26:06
2008-10-31,S002958800,产量:毛棕榈油:马来西亚,1652071.0,2012-07-25 11:26:06
2008-09-30,S002958800,产量:毛棕榈油:马来西亚,1579442.0,2012-07-25 11:26:06
2008-08-31,S002958800,产量:毛棕榈油:马来西亚,1600214.0,2012-07-25 11:26:06
2008-07-31,S002958800,产量:毛棕榈油:马来西亚,1560215.0,2012-07-25 11:26:06
2008-06-30,S002958800,产量:毛棕榈油:马来西亚,1468921.0,2012-07-25 11:26:07
2008-05-31,S002958800,产量:毛棕榈油:马来西亚,1457878.0,2012-07-25 11:26:06
2008-04-30,S002958800,产量:毛棕榈油:马来西亚,1327591.0,2012-07-25 11:26:06
2008-03-31,S002958800,产量:毛棕榈油:马来西亚,1294710.0,2012-07-25 11:26:06
2008-02-29,S002958800,产量:毛棕榈油:马来西亚,1227969.0,2012-07-25 11:26:06
2008-01-31,S002958800,产量:毛棕榈油:马来西亚,1424245.0,2012-07-25 11:26:06
2007-12-31,S002958800,产量:毛棕榈油:马来西亚,1396134.0,2012-07-25 11:26:05
2007-11-30,S002958800,产量:毛棕榈油:马来西亚,1650004.0,2012-07-25 11:26:05
2007-10-31,S002958800,产量:毛棕榈油:马来西亚,1579809.0,2012-07-25 11:26:05
2007-09-30,S002958800,产量:毛棕榈油:马来西亚,1602065.0,2012-07-25 11:26:05
2007-08-31,S002958800,产量:毛棕榈油:马来西亚,1559362.0,2012-07-25 11:26:05
2007-07-31,S002958800,产量:毛棕榈油:马来西亚,1356956.0,2012-07-25 11:26:04
2007-06-30,S002958800,产量:毛棕榈油:马来西亚,1166184.0,2012-07-25 11:26:05
2007-05-31,S002958800,产量:毛棕榈油:马来西亚,1201255.0,2012-07-25 11:26:05
2007-04-30,S002958800,产量:毛棕榈油:马来西亚,1125726.0,2012-07-25 11:26:05
2007-03-31,S002958800,产量:毛棕榈油:马来西亚,1081230.0,2012-07-25 11:26:05
2007-02-28,S002958800,产量:毛棕榈油:马来西亚,989681.0,2012-07-25 11:26:05
2007-01-31,S002958800,产量:毛棕榈油:马来西亚,1115340.0,2012-07-25 11:26:04
